Date,Buy Signal,Sell Signal,Position Open,Portfolio Value
2018-10-08,False,False,0,100000.0
2018-10-09,False,False,0,100000.0
2018-10-10,False,False,0,100000.0
2018-10-11,False,False,0,100000.0
2018-10-12,False,False,0,100000.0
2018-10-15,False,False,0,100000.0
2018-10-16,False,False,0,100000.0
2018-10-17,False,False,0,100000.0
2018-10-18,False,False,0,100000.0
2018-10-19,False,False,0,100000.0
2018-10-22,False,False,0,100000.0
2018-10-23,False,False,0,100000.0
2018-10-24,False,False,0,100000.0
2018-10-25,False,False,0,100000.0
2018-10-26,False,False,0,100000.0
2018-10-29,False,False,0,100000.0
2018-10-30,False,False,0,100000.0
2018-10-31,False,False,0,100000.0
2018-11-01,False,False,0,100000.0
2018-11-02,True,False,941,100000.0
2018-11-05,False,False,941,100000.0
2018-11-06,False,False,941,100000.0
2018-11-07,False,False,941,100000.0
2018-11-08,False,True,0,105156.75
2018-11-09,False,False,0,105156.75
2018-11-12,False,False,0,105156.75
2018-11-13,False,False,0,105156.75
2018-11-14,False,False,0,105156.75
2018-11-15,False,False,0,105156.75
2018-11-16,False,False,0,105156.75
2018-11-19,False,False,0,105156.75
2018-11-20,True,False,1033,105156.75
2018-11-21,False,False,1033,105156.75
2018-11-23,False,False,1033,105156.75
2018-11-26,False,False,1033,105156.75
2018-11-27,False,False,1033,105156.75
2018-11-28,False,False,1033,105156.75
2018-11-29,False,False,1033,105156.75
2018-11-30,False,True,0,114549.36936950684
2018-12-03,False,False,0,114549.36936950684
2018-12-04,False,False,0,114549.36936950684
2018-12-06,False,False,0,114549.36936950684
2018-12-07,False,False,0,114549.36936950684
2018-12-10,False,False,0,114549.36936950684
2018-12-11,False,False,0,114549.36936950684
2018-12-12,False,False,0,114549.36936950684
2018-12-13,False,False,0,114549.36936950684
2018-12-14,False,False,0,114549.36936950684
2018-12-17,False,False,0,114549.36936950684
2018-12-18,False,False,0,114549.36936950684
2018-12-19,True,False,1104,114549.36936950684
2018-12-20,False,False,1104,114549.36936950684
2018-12-21,False,False,1104,114549.36936950684
2018-12-24,False,False,1104,114549.36936950684
2018-12-26,False,False,1104,114549.36936950684
2018-12-27,False,False,1104,114549.36936950684
2018-12-28,False,False,1104,114549.36936950684
2018-12-31,False,False,1104,114549.36936950684
2019-01-02,False,False,1104,114549.36936950684
2019-01-03,False,False,1104,114549.36936950684
2019-01-04,False,False,1104,114549.36936950684
2019-01-07,False,False,1104,114549.36936950684
2019-01-08,False,False,1104,114549.36936950684
2019-01-09,False,False,1104,114549.36936950684
2019-01-10,False,False,1104,114549.36936950684
2019-01-11,False,True,0,113491.20336914062
2019-01-14,False,False,0,113491.20336914062
2019-01-15,False,False,0,113491.20336914062
2019-01-16,False,False,0,113491.20336914062
2019-01-17,False,False,0,113491.20336914062
2019-01-18,False,False,0,113491.20336914062
2019-01-22,False,False,0,113491.20336914062
2019-01-23,False,False,0,113491.20336914062
2019-01-24,False,False,0,113491.20336914062
2019-01-25,False,False,0,113491.20336914062
2019-01-28,False,False,0,113491.20336914062
2019-01-29,False,False,0,113491.20336914062
2019-01-30,False,False,0,113491.20336914062
2019-01-31,False,False,0,113491.20336914062
2019-02-01,False,False,0,113491.20336914062
2019-02-04,False,False,0,113491.20336914062
2019-02-05,False,False,0,113491.20336914062
2019-02-06,False,False,0,113491.20336914062
2019-02-07,False,False,0,113491.20336914062
2019-02-08,False,False,0,113491.20336914062
2019-02-11,False,False,0,113491.20336914062
2019-02-12,False,False,0,113491.20336914062
2019-02-13,False,False,0,113491.20336914062
2019-02-14,False,False,0,113491.20336914062
2019-02-15,False,False,0,113491.20336914062
2019-02-19,False,False,0,113491.20336914062
2019-02-20,False,False,0,113491.20336914062
2019-02-21,False,False,0,113491.20336914062
2019-02-22,False,False,0,113491.20336914062
2019-02-25,False,False,0,113491.20336914062
2019-02-26,False,False,0,113491.20336914062
2019-02-27,False,False,0,113491.20336914062
2019-02-28,False,False,0,113491.20336914062
2019-03-01,False,False,0,113491.20336914062
2019-03-04,False,False,0,113491.20336914062
2019-03-05,False,False,0,113491.20336914062
2019-03-06,False,False,0,113491.20336914062
2019-03-07,False,False,0,113491.20336914062
2019-03-08,False,False,0,113491.20336914062
2019-03-11,False,False,0,113491.20336914062
2019-03-12,False,False,0,113491.20336914062
2019-03-13,False,False,0,113491.20336914062
2019-03-14,False,False,0,113491.20336914062
2019-03-15,False,False,0,113491.20336914062
2019-03-18,False,False,0,113491.20336914062
2019-03-19,False,False,0,113491.20336914062
2019-03-20,False,False,0,113491.20336914062
2019-03-21,False,False,0,113491.20336914062
2019-03-22,False,False,0,113491.20336914062
2019-03-25,False,False,0,113491.20336914062
2019-03-26,False,False,0,113491.20336914062
2019-03-27,False,False,0,113491.20336914062
2019-03-28,False,False,0,113491.20336914062
2019-03-29,False,False,0,113491.20336914062
2019-04-01,False,False,0,113491.20336914062
2019-04-02,False,False,0,113491.20336914062
2019-04-03,False,False,0,113491.20336914062
2019-04-04,False,False,0,113491.20336914062
2019-04-05,False,False,0,113491.20336914062
2019-04-08,False,False,0,113491.20336914062
2019-04-09,False,False,0,113491.20336914062
2019-04-10,False,False,0,113491.20336914062
2019-04-11,False,False,0,113491.20336914062
2019-04-12,False,False,0,113491.20336914062
2019-04-15,False,False,0,113491.20336914062
2019-04-16,False,False,0,113491.20336914062
2019-04-17,False,False,0,113491.20336914062
2019-04-18,False,False,0,113491.20336914062
2019-04-22,False,False,0,113491.20336914062
2019-04-23,False,False,0,113491.20336914062
2019-04-24,False,False,0,113491.20336914062
2019-04-25,False,False,0,113491.20336914062
2019-04-26,False,False,0,113491.20336914062
2019-04-29,False,False,0,113491.20336914062
2019-04-30,False,False,0,113491.20336914062
2019-05-01,False,False,0,113491.20336914062
2019-05-02,False,False,0,113491.20336914062
2019-05-03,False,False,0,113491.20336914062
2019-05-06,False,False,0,113491.20336914062
2019-05-07,False,False,0,113491.20336914062
2019-05-08,False,False,0,113491.20336914062
2019-05-09,False,False,0,113491.20336914062
2019-05-10,False,False,0,113491.20336914062
2019-05-13,False,False,0,113491.20336914062
2019-05-14,False,False,0,113491.20336914062
2019-05-15,False,False,0,113491.20336914062
2019-05-16,False,False,0,113491.20336914062
2019-05-17,False,False,0,113491.20336914062
2019-05-20,False,False,0,113491.20336914062
2019-05-21,False,False,0,113491.20336914062
2019-05-22,False,False,0,113491.20336914062
2019-05-23,False,False,0,113491.20336914062
2019-05-24,False,False,0,113491.20336914062
2019-05-28,False,False,0,113491.20336914062
2019-05-29,False,False,0,113491.20336914062
2019-05-30,False,False,0,113491.20336914062
2019-05-31,False,False,0,113491.20336914062
2019-06-03,True,False,947,113491.20336914062
2019-06-04,False,False,947,113491.20336914062
2019-06-05,False,False,947,113491.20336914062
2019-06-06,False,False,947,113491.20336914062
2019-06-07,False,False,947,113491.20336914062
2019-06-10,False,True,0,125572.2057800293
2019-06-11,False,False,0,125572.2057800293
2019-06-12,False,False,0,125572.2057800293
2019-06-13,False,False,0,125572.2057800293
2019-06-14,False,False,0,125572.2057800293
2019-06-17,False,False,0,125572.2057800293
2019-06-18,False,False,0,125572.2057800293
2019-06-19,False,False,0,125572.2057800293
2019-06-20,False,False,0,125572.2057800293
2019-06-21,False,False,0,125572.2057800293
2019-06-24,False,False,0,125572.2057800293
2019-06-25,False,False,0,125572.2057800293
2019-06-26,False,False,0,125572.2057800293
2019-06-27,False,False,0,125572.2057800293
2019-06-28,False,False,0,125572.2057800293
2019-07-01,False,False,0,125572.2057800293
2019-07-02,False,False,0,125572.2057800293
2019-07-03,False,False,0,125572.2057800293
2019-07-05,False,False,0,125572.2057800293
2019-07-08,False,False,0,125572.2057800293
2019-07-09,False,False,0,125572.2057800293
2019-07-10,False,False,0,125572.2057800293
2019-07-11,False,False,0,125572.2057800293
2019-07-12,False,False,0,125572.2057800293
2019-07-15,False,False,0,125572.2057800293
2019-07-16,False,False,0,125572.2057800293
2019-07-17,False,False,0,125572.2057800293
2019-07-18,False,False,0,125572.2057800293
2019-07-19,False,False,0,125572.2057800293
2019-07-22,False,False,0,125572.2057800293
2019-07-23,False,False,0,125572.2057800293
2019-07-24,False,False,0,125572.2057800293
2019-07-25,False,False,0,125572.2057800293
2019-07-26,False,False,0,125572.2057800293
2019-07-29,False,False,0,125572.2057800293
2019-07-30,False,False,0,125572.2057800293
2019-07-31,False,False,0,125572.2057800293
2019-08-01,False,False,0,125572.2057800293
2019-08-02,False,False,0,125572.2057800293
2019-08-05,False,False,0,125572.2057800293
2019-08-06,True,False,932,125572.2057800293
2019-08-07,False,False,932,125572.2057800293
2019-08-08,False,False,932,125572.2057800293
2019-08-09,False,False,932,125572.2057800293
2019-08-12,False,False,932,125572.2057800293
2019-08-13,False,False,932,125572.2057800293
2019-08-14,False,False,932,125572.2057800293
2019-08-15,False,False,932,125572.2057800293
2019-08-16,False,False,932,125572.2057800293
2019-08-19,False,False,932,125572.2057800293
2019-08-20,False,False,932,125572.2057800293
2019-08-21,False,False,932,125572.2057800293
2019-08-22,False,False,932,125572.2057800293
2019-08-23,False,False,932,125572.2057800293
2019-08-26,False,False,932,125572.2057800293
2019-08-27,False,False,932,125572.2057800293
2019-08-28,False,False,932,125572.2057800293
2019-08-29,False,False,932,125572.2057800293
2019-08-30,False,False,932,125572.2057800293
2019-09-03,False,False,932,125572.2057800293
2019-09-04,False,False,932,125572.2057800293
2019-09-05,False,False,932,125572.2057800293
2019-09-06,False,False,932,125572.2057800293
2019-09-09,False,False,932,125572.2057800293
2019-09-10,False,False,932,125572.2057800293
2019-09-11,False,False,932,125572.2057800293
2019-09-12,False,False,932,125572.2057800293
2019-09-13,False,False,932,125572.2057800293
2019-09-16,False,False,932,125572.2057800293
2019-09-17,False,False,932,125572.2057800293
2019-09-18,False,False,932,125572.2057800293
2019-09-19,False,False,932,125572.2057800293
2019-09-20,False,False,932,125572.2057800293
2019-09-23,False,True,0,129678.47943115234
2019-09-24,False,False,0,129678.47943115234
2019-09-25,False,False,0,129678.47943115234
2019-09-26,False,False,0,129678.47943115234
2019-09-27,False,False,0,129678.47943115234
2019-09-30,False,False,0,129678.47943115234
2019-10-01,False,False,0,129678.47943115234
2019-10-02,False,False,0,129678.47943115234
2019-10-03,False,False,0,129678.47943115234
2019-10-04,False,False,0,129678.47943115234
2019-10-07,False,False,0,129678.47943115234
2019-10-08,True,False,955,129678.47943115234
2019-10-09,False,False,955,129678.47943115234
2019-10-10,False,False,955,129678.47943115234
2019-10-11,False,False,955,129678.47943115234
2019-10-14,False,False,955,129678.47943115234
2019-10-15,False,False,955,129678.47943115234
2019-10-16,False,True,0,134091.55349731445
2019-10-17,False,False,0,134091.55349731445
2019-10-18,False,False,0,134091.55349731445
2019-10-21,False,False,0,134091.55349731445
2019-10-22,False,False,0,134091.55349731445
2019-10-23,False,False,0,134091.55349731445
2019-10-24,False,False,0,134091.55349731445
2019-10-25,False,False,0,134091.55349731445
2019-10-28,False,False,0,134091.55349731445
2019-10-29,False,False,0,134091.55349731445
2019-10-30,False,False,0,134091.55349731445
2019-10-31,False,False,0,134091.55349731445
2019-11-01,False,False,0,134091.55349731445
2019-11-04,False,False,0,134091.55349731445
2019-11-05,False,False,0,134091.55349731445
2019-11-06,False,False,0,134091.55349731445
2019-11-07,False,False,0,134091.55349731445
2019-11-08,False,False,0,134091.55349731445
2019-11-11,False,False,0,134091.55349731445
2019-11-12,False,False,0,134091.55349731445
2019-11-13,False,False,0,134091.55349731445
2019-11-14,False,False,0,134091.55349731445
2019-11-15,False,False,0,134091.55349731445
2019-11-18,False,False,0,134091.55349731445
2019-11-19,False,False,0,134091.55349731445
2019-11-20,False,False,0,134091.55349731445
2019-11-21,False,False,0,134091.55349731445
2019-11-22,False,False,0,134091.55349731445
2019-11-25,False,False,0,134091.55349731445
2019-11-26,False,False,0,134091.55349731445
2019-11-27,False,False,0,134091.55349731445
2019-11-29,False,False,0,134091.55349731445
2019-12-02,False,False,0,134091.55349731445
2019-12-03,False,False,0,134091.55349731445
2019-12-04,False,False,0,134091.55349731445
2019-12-05,False,False,0,134091.55349731445
2019-12-06,False,False,0,134091.55349731445
2019-12-09,False,False,0,134091.55349731445
2019-12-10,False,False,0,134091.55349731445
2019-12-11,False,False,0,134091.55349731445
2019-12-12,False,False,0,134091.55349731445
2019-12-13,False,False,0,134091.55349731445
2019-12-16,False,False,0,134091.55349731445
2019-12-17,False,False,0,134091.55349731445
2019-12-18,False,False,0,134091.55349731445
2019-12-19,False,False,0,134091.55349731445
2019-12-20,False,False,0,134091.55349731445
2019-12-23,False,False,0,134091.55349731445
2019-12-24,False,False,0,134091.55349731445
2019-12-26,False,False,0,134091.55349731445
2019-12-27,False,False,0,134091.55349731445
2019-12-30,False,False,0,134091.55349731445
2019-12-31,False,False,0,134091.55349731445
2020-01-02,False,False,0,134091.55349731445
2020-01-03,False,False,0,134091.55349731445
2020-01-06,False,False,0,134091.55349731445
2020-01-07,False,False,0,134091.55349731445
2020-01-08,False,False,0,134091.55349731445
2020-01-09,False,False,0,134091.55349731445
2020-01-10,False,False,0,134091.55349731445
2020-01-13,False,False,0,134091.55349731445
2020-01-14,False,False,0,134091.55349731445
2020-01-15,False,False,0,134091.55349731445
2020-01-16,False,False,0,134091.55349731445
2020-01-17,False,False,0,134091.55349731445
2020-01-21,False,False,0,134091.55349731445
2020-01-22,False,False,0,134091.55349731445
2020-01-23,False,False,0,134091.55349731445
2020-01-24,False,False,0,134091.55349731445
2020-01-27,False,False,0,134091.55349731445
2020-01-28,False,False,0,134091.55349731445
2020-01-29,False,False,0,134091.55349731445
2020-01-30,False,False,0,134091.55349731445
2020-01-31,False,False,0,134091.55349731445
2020-02-03,False,False,0,134091.55349731445
2020-02-04,False,False,0,134091.55349731445
2020-02-05,False,False,0,134091.55349731445
2020-02-06,False,False,0,134091.55349731445
2020-02-07,False,False,0,134091.55349731445
2020-02-10,False,False,0,134091.55349731445
2020-02-11,False,False,0,134091.55349731445
2020-02-12,False,False,0,134091.55349731445
2020-02-13,False,False,0,134091.55349731445
2020-02-14,False,False,0,134091.55349731445
2020-02-18,False,False,0,134091.55349731445
2020-02-19,False,False,0,134091.55349731445
2020-02-20,False,False,0,134091.55349731445
2020-02-21,False,False,0,134091.55349731445
2020-02-24,False,False,0,134091.55349731445
2020-02-25,False,False,0,134091.55349731445
2020-02-26,True,False,787,134091.55349731445
2020-02-27,False,False,787,134091.55349731445
2020-02-28,False,False,787,134091.55349731445
2020-03-02,False,False,787,134091.55349731445
2020-03-03,False,False,787,134091.55349731445
2020-03-04,False,False,787,134091.55349731445
2020-03-05,False,False,787,134091.55349731445
2020-03-06,False,False,787,134091.55349731445
2020-03-09,False,False,787,134091.55349731445
2020-03-10,False,False,787,134091.55349731445
2020-03-11,False,False,787,134091.55349731445
2020-03-12,True,False,788,134091.55349731445
2020-03-13,False,False,788,134091.55349731445
2020-03-16,False,False,788,134091.55349731445
2020-03-17,False,False,788,134091.55349731445
2020-03-18,False,False,788,134091.55349731445
2020-03-19,False,False,788,134091.55349731445
2020-03-20,False,False,788,134091.55349731445
2020-03-23,False,False,788,134091.55349731445
2020-03-24,False,False,788,134091.55349731445
2020-03-25,False,False,788,134091.55349731445
2020-03-26,False,False,788,134091.55349731445
2020-03-27,False,False,788,134091.55349731445
2020-03-30,False,False,788,134091.55349731445
2020-03-31,False,True,0,124275.48529052734
2020-04-01,False,False,0,124275.48529052734
2020-04-02,False,False,0,124275.48529052734
2020-04-03,False,False,0,124275.48529052734
2020-04-06,False,False,0,124275.48529052734
2020-04-07,False,False,0,124275.48529052734
2020-04-08,False,False,0,124275.48529052734
2020-04-09,False,False,0,124275.48529052734
2020-04-13,False,False,0,124275.48529052734
2020-04-14,False,False,0,124275.48529052734
2020-04-15,False,False,0,124275.48529052734
2020-04-16,False,False,0,124275.48529052734
2020-04-17,False,False,0,124275.48529052734
2020-04-20,False,False,0,124275.48529052734
2020-04-21,False,False,0,124275.48529052734
2020-04-22,False,False,0,124275.48529052734
2020-04-23,False,False,0,124275.48529052734
2020-04-24,False,False,0,124275.48529052734
2020-04-27,False,False,0,124275.48529052734
2020-04-28,False,False,0,124275.48529052734
2020-04-29,False,False,0,124275.48529052734
2020-04-30,False,False,0,124275.48529052734
2020-05-01,False,False,0,124275.48529052734
2020-05-04,False,False,0,124275.48529052734
2020-05-05,False,False,0,124275.48529052734
2020-05-06,False,False,0,124275.48529052734
2020-05-07,False,False,0,124275.48529052734
2020-05-08,False,False,0,124275.48529052734
2020-05-11,False,False,0,124275.48529052734
2020-05-12,False,False,0,124275.48529052734
2020-05-13,False,False,0,124275.48529052734
2020-05-14,False,False,0,124275.48529052734
2020-05-15,False,False,0,124275.48529052734
2020-05-18,False,False,0,124275.48529052734
2020-05-19,False,False,0,124275.48529052734
2020-05-20,False,False,0,124275.48529052734
2020-05-21,False,False,0,124275.48529052734
2020-05-22,False,False,0,124275.48529052734
2020-05-26,False,False,0,124275.48529052734
2020-05-27,False,False,0,124275.48529052734
2020-05-28,False,False,0,124275.48529052734
2020-05-29,False,False,0,124275.48529052734
2020-06-01,False,False,0,124275.48529052734
2020-06-02,False,False,0,124275.48529052734
2020-06-03,False,False,0,124275.48529052734
2020-06-04,False,False,0,124275.48529052734
2020-06-05,False,False,0,124275.48529052734
2020-06-08,False,False,0,124275.48529052734
2020-06-09,False,False,0,124275.48529052734
2020-06-10,False,False,0,124275.48529052734
2020-06-11,False,False,0,124275.48529052734
2020-06-12,False,False,0,124275.48529052734
2020-06-15,False,False,0,124275.48529052734
2020-06-16,False,False,0,124275.48529052734
2020-06-17,False,False,0,124275.48529052734
2020-06-18,False,False,0,124275.48529052734
2020-06-19,False,False,0,124275.48529052734
2020-06-22,False,False,0,124275.48529052734
2020-06-23,False,False,0,124275.48529052734
2020-06-24,False,False,0,124275.48529052734
2020-06-25,False,False,0,124275.48529052734
2020-06-26,False,False,0,124275.48529052734
2020-06-29,False,False,0,124275.48529052734
2020-06-30,False,False,0,124275.48529052734
2020-07-01,False,False,0,124275.48529052734
2020-07-02,False,False,0,124275.48529052734
2020-07-06,False,False,0,124275.48529052734
2020-07-07,False,False,0,124275.48529052734
2020-07-08,False,False,0,124275.48529052734
2020-07-09,False,False,0,124275.48529052734
2020-07-10,False,False,0,124275.48529052734
2020-07-13,False,False,0,124275.48529052734
2020-07-14,False,False,0,124275.48529052734
2020-07-15,False,False,0,124275.48529052734
2020-07-16,False,False,0,124275.48529052734
2020-07-17,False,False,0,124275.48529052734
2020-07-20,False,False,0,124275.48529052734
2020-07-21,False,False,0,124275.48529052734
2020-07-22,False,False,0,124275.48529052734
2020-07-23,False,False,0,124275.48529052734
2020-07-24,False,False,0,124275.48529052734
2020-07-27,False,False,0,124275.48529052734
2020-07-28,True,False,615,124275.48529052734
2020-07-29,False,False,615,124275.48529052734
2020-07-30,False,False,615,124275.48529052734
2020-07-31,False,False,615,124275.48529052734
2020-08-03,False,False,615,124275.48529052734
2020-08-04,False,False,615,124275.48529052734
2020-08-05,False,True,0,130958.10150146484
2020-08-06,False,False,0,130958.10150146484
2020-08-07,False,False,0,130958.10150146484
2020-08-10,False,False,0,130958.10150146484
2020-08-11,False,False,0,130958.10150146484
2020-08-12,False,False,0,130958.10150146484
2020-08-13,False,False,0,130958.10150146484
2020-08-14,False,False,0,130958.10150146484
2020-08-17,False,False,0,130958.10150146484
2020-08-18,False,False,0,130958.10150146484
2020-08-19,False,False,0,130958.10150146484
2020-08-20,False,False,0,130958.10150146484
2020-08-21,False,False,0,130958.10150146484
2020-08-24,False,False,0,130958.10150146484
2020-08-25,False,False,0,130958.10150146484
2020-08-26,False,False,0,130958.10150146484
2020-08-27,False,False,0,130958.10150146484
2020-08-28,False,False,0,130958.10150146484
2020-08-31,False,False,0,130958.10150146484
2020-09-01,False,False,0,130958.10150146484
2020-09-02,False,False,0,130958.10150146484
2020-09-03,False,False,0,130958.10150146484
2020-09-04,False,False,0,130958.10150146484
2020-09-08,False,False,0,130958.10150146484
2020-09-09,False,False,0,130958.10150146484
2020-09-10,True,False,637,130958.10150146484
2020-09-11,False,False,637,130958.10150146484
2020-09-14,False,False,637,130958.10150146484
2020-09-15,False,False,637,130958.10150146484
2020-09-16,False,False,637,130958.10150146484
2020-09-17,False,False,637,130958.10150146484
2020-09-18,False,False,637,130958.10150146484
2020-09-21,False,False,637,130958.10150146484
2020-09-22,False,False,637,130958.10150146484
2020-09-23,False,False,637,130958.10150146484
2020-09-24,False,False,637,130958.10150146484
2020-09-25,False,False,637,130958.10150146484
2020-09-28,False,False,637,130958.10150146484
2020-09-29,False,False,637,130958.10150146484
2020-09-30,False,False,637,130958.10150146484
2020-10-01,False,True,0,135337.0242767334
2020-10-02,False,False,0,135337.0242767334
2020-10-05,False,False,0,135337.0242767334
2020-10-06,False,False,0,135337.0242767334
2020-10-07,False,False,0,135337.0242767334
2020-10-08,False,False,0,135337.0242767334
2020-10-09,False,False,0,135337.0242767334
2020-10-12,False,False,0,135337.0242767334
2020-10-13,False,False,0,135337.0242767334
2020-10-14,False,False,0,135337.0242767334
2020-10-15,False,False,0,135337.0242767334
2020-10-16,False,False,0,135337.0242767334
2020-10-19,False,False,0,135337.0242767334
2020-10-20,False,False,0,135337.0242767334
2020-10-21,False,False,0,135337.0242767334
2020-10-22,False,False,0,135337.0242767334
2020-10-23,False,False,0,135337.0242767334
2020-10-26,False,False,0,135337.0242767334
2020-10-27,False,False,0,135337.0242767334
2020-10-28,True,False,667,135337.0242767334
2020-10-29,False,False,667,135337.0242767334
2020-10-30,False,False,667,135337.0242767334
2020-11-02,False,False,667,135337.0242767334
2020-11-03,False,False,667,135337.0242767334
2020-11-04,False,False,667,135337.0242767334
2020-11-05,False,False,667,135337.0242767334
2020-11-06,False,False,667,135337.0242767334
2020-11-09,False,True,0,145666.1295928955
2020-11-10,False,False,0,145666.1295928955
2020-11-11,False,False,0,145666.1295928955
2020-11-12,False,False,0,145666.1295928955
2020-11-13,False,False,0,145666.1295928955
2020-11-16,False,False,0,145666.1295928955
2020-11-17,False,False,0,145666.1295928955
2020-11-18,False,False,0,145666.1295928955
2020-11-19,False,False,0,145666.1295928955
2020-11-20,False,False,0,145666.1295928955
2020-11-23,False,False,0,145666.1295928955
2020-11-24,False,False,0,145666.1295928955
2020-11-25,False,False,0,145666.1295928955
2020-11-27,False,False,0,145666.1295928955
2020-11-30,False,False,0,145666.1295928955
2020-12-01,False,False,0,145666.1295928955
2020-12-02,False,False,0,145666.1295928955
2020-12-03,False,False,0,145666.1295928955
2020-12-04,False,False,0,145666.1295928955
2020-12-07,False,False,0,145666.1295928955
2020-12-08,False,False,0,145666.1295928955
2020-12-09,False,False,0,145666.1295928955
2020-12-10,False,False,0,145666.1295928955
2020-12-11,False,False,0,145666.1295928955
2020-12-14,False,False,0,145666.1295928955
2020-12-15,False,False,0,145666.1295928955
2020-12-16,False,False,0,145666.1295928955
2020-12-17,False,False,0,145666.1295928955
2020-12-18,False,False,0,145666.1295928955
2020-12-21,False,False,0,145666.1295928955
2020-12-22,False,False,0,145666.1295928955
2020-12-23,False,False,0,145666.1295928955
2020-12-24,False,False,0,145666.1295928955
2020-12-28,False,False,0,145666.1295928955
2020-12-29,False,False,0,145666.1295928955
2020-12-30,False,False,0,145666.1295928955
2020-12-31,False,False,0,145666.1295928955
2021-01-04,False,False,0,145666.1295928955
2021-01-05,False,False,0,145666.1295928955
2021-01-06,False,False,0,145666.1295928955
2021-01-07,False,False,0,145666.1295928955
2021-01-08,False,False,0,145666.1295928955
2021-01-11,True,False,669,145666.1295928955
2021-01-12,False,False,669,145666.1295928955
2021-01-13,False,False,669,145666.1295928955
2021-01-14,False,False,669,145666.1295928955
2021-01-15,False,False,669,145666.1295928955
2021-01-19,False,False,669,145666.1295928955
2021-01-20,False,False,669,145666.1295928955
2021-01-21,False,False,669,145666.1295928955
2021-01-22,False,False,669,145666.1295928955
2021-01-25,False,True,0,153555.5691833496
2021-01-26,False,False,0,153555.5691833496
2021-01-27,False,False,0,153555.5691833496
2021-01-28,False,False,0,153555.5691833496
2021-01-29,False,False,0,153555.5691833496
2021-02-01,False,False,0,153555.5691833496
2021-02-02,False,False,0,153555.5691833496
2021-02-03,False,False,0,153555.5691833496
2021-02-04,False,False,0,153555.5691833496
2021-02-05,False,False,0,153555.5691833496
2021-02-08,False,False,0,153555.5691833496
2021-02-09,False,False,0,153555.5691833496
2021-02-10,False,False,0,153555.5691833496
2021-02-11,False,False,0,153555.5691833496
2021-02-12,False,False,0,153555.5691833496
2021-02-16,False,False,0,153555.5691833496
2021-02-17,False,False,0,153555.5691833496
2021-02-18,False,False,0,153555.5691833496
2021-02-19,False,False,0,153555.5691833496
2021-02-22,False,False,0,153555.5691833496
2021-02-23,False,False,0,153555.5691833496
2021-02-24,True,False,654,153555.5691833496
2021-02-25,False,False,654,153555.5691833496
2021-02-26,False,False,654,153555.5691833496
2021-03-01,False,False,654,153555.5691833496
2021-03-02,False,False,654,153555.5691833496
2021-03-03,False,False,654,153555.5691833496
2021-03-04,False,False,654,153555.5691833496
2021-03-05,False,False,654,153555.5691833496
2021-03-08,False,False,654,153555.5691833496
2021-03-09,False,False,654,153555.5691833496
2021-03-10,False,False,654,153555.5691833496
2021-03-11,False,False,654,153555.5691833496
2021-03-12,False,False,654,153555.5691833496
2021-03-15,False,False,654,153555.5691833496
2021-03-16,False,False,654,153555.5691833496
2021-03-17,False,True,0,155024.15560913086
2021-03-18,False,False,0,155024.15560913086
2021-03-19,False,False,0,155024.15560913086
2021-03-22,False,False,0,155024.15560913086
2021-03-23,False,False,0,155024.15560913086
2021-03-24,False,False,0,155024.15560913086
2021-03-25,False,False,0,155024.15560913086
2021-03-26,False,False,0,155024.15560913086
2021-03-29,False,False,0,155024.15560913086
2021-03-30,False,False,0,155024.15560913086
2021-03-31,False,False,0,155024.15560913086
2021-04-01,False,False,0,155024.15560913086
2021-04-05,False,False,0,155024.15560913086
2021-04-06,False,False,0,155024.15560913086
2021-04-07,False,False,0,155024.15560913086
2021-04-08,False,False,0,155024.15560913086
2021-04-09,False,False,0,155024.15560913086
2021-04-12,False,False,0,155024.15560913086
2021-04-13,False,False,0,155024.15560913086
2021-04-14,False,False,0,155024.15560913086
2021-04-15,False,False,0,155024.15560913086
2021-04-16,False,False,0,155024.15560913086
2021-04-19,False,False,0,155024.15560913086
2021-04-20,False,False,0,155024.15560913086
2021-04-21,False,False,0,155024.15560913086
2021-04-22,False,False,0,155024.15560913086
2021-04-23,False,False,0,155024.15560913086
2021-04-26,False,False,0,155024.15560913086
2021-04-27,False,False,0,155024.15560913086
2021-04-28,False,False,0,155024.15560913086
2021-04-29,False,False,0,155024.15560913086
2021-04-30,False,False,0,155024.15560913086
2021-05-03,False,False,0,155024.15560913086
2021-05-04,True,False,625,155024.15560913086
2021-05-05,False,False,625,155024.15560913086
2021-05-06,False,False,625,155024.15560913086
2021-05-07,False,False,625,155024.15560913086
2021-05-10,False,False,625,155024.15560913086
2021-05-11,False,False,625,155024.15560913086
2021-05-12,False,False,625,155024.15560913086
2021-05-13,False,False,625,155024.15560913086
2021-05-14,False,False,625,155024.15560913086
2021-05-17,False,False,625,155024.15560913086
2021-05-18,False,False,625,155024.15560913086
2021-05-19,False,False,625,155024.15560913086
2021-05-20,False,False,625,155024.15560913086
2021-05-21,False,False,625,155024.15560913086
2021-05-24,False,False,625,155024.15560913086
2021-05-25,False,False,625,155024.15560913086
2021-05-26,False,False,625,155024.15560913086
2021-05-27,False,False,625,155024.15560913086
2021-05-28,False,True,0,156049.99542236328
2021-06-01,False,False,0,156049.99542236328
2021-06-02,False,False,0,156049.99542236328
2021-06-03,False,False,0,156049.99542236328
2021-06-04,False,False,0,156049.99542236328
2021-06-07,False,False,0,156049.99542236328
2021-06-08,False,False,0,156049.99542236328
2021-06-09,False,False,0,156049.99542236328
2021-06-10,False,False,0,156049.99542236328
2021-06-11,False,False,0,156049.99542236328
2021-06-14,False,False,0,156049.99542236328
2021-06-15,False,False,0,156049.99542236328
2021-06-16,False,False,0,156049.99542236328
2021-06-17,False,False,0,156049.99542236328
2021-06-18,False,False,0,156049.99542236328
2021-06-21,False,False,0,156049.99542236328
2021-06-22,False,False,0,156049.99542236328
2021-06-23,False,False,0,156049.99542236328
2021-06-24,False,False,0,156049.99542236328
2021-06-25,False,False,0,156049.99542236328
2021-06-28,False,False,0,156049.99542236328
2021-06-29,False,False,0,156049.99542236328
2021-06-30,False,False,0,156049.99542236328
2021-07-01,False,False,0,156049.99542236328
2021-07-02,False,False,0,156049.99542236328
2021-07-06,False,False,0,156049.99542236328
2021-07-07,False,False,0,156049.99542236328
2021-07-08,False,False,0,156049.99542236328
2021-07-09,False,False,0,156049.99542236328
2021-07-12,False,False,0,156049.99542236328
2021-07-13,False,False,0,156049.99542236328
2021-07-14,False,False,0,156049.99542236328
2021-07-15,False,False,0,156049.99542236328
2021-07-16,False,False,0,156049.99542236328
2021-07-19,False,False,0,156049.99542236328
2021-07-20,False,False,0,156049.99542236328
2021-07-21,False,False,0,156049.99542236328
2021-07-22,False,False,0,156049.99542236328
2021-07-23,False,False,0,156049.99542236328
2021-07-26,False,False,0,156049.99542236328
2021-07-27,False,False,0,156049.99542236328
2021-07-28,False,False,0,156049.99542236328
2021-07-29,False,False,0,156049.99542236328
2021-07-30,False,False,0,156049.99542236328
2021-08-02,False,False,0,156049.99542236328
2021-08-03,False,False,0,156049.99542236328
2021-08-04,False,False,0,156049.99542236328
2021-08-05,False,False,0,156049.99542236328
2021-08-06,False,False,0,156049.99542236328
2021-08-09,False,False,0,156049.99542236328
2021-08-10,False,False,0,156049.99542236328
2021-08-11,False,False,0,156049.99542236328
2021-08-12,False,False,0,156049.99542236328
2021-08-13,False,False,0,156049.99542236328
2021-08-16,False,False,0,156049.99542236328
2021-08-17,False,False,0,156049.99542236328
2021-08-18,False,False,0,156049.99542236328
2021-08-19,False,False,0,156049.99542236328
2021-08-20,False,False,0,156049.99542236328
2021-08-23,False,False,0,156049.99542236328
2021-08-24,False,False,0,156049.99542236328
2021-08-25,False,False,0,156049.99542236328
2021-08-26,False,False,0,156049.99542236328
2021-08-27,False,False,0,156049.99542236328
2021-08-30,False,False,0,156049.99542236328
2021-08-31,False,False,0,156049.99542236328
2021-09-01,False,False,0,156049.99542236328
2021-09-02,False,False,0,156049.99542236328
2021-09-03,False,False,0,156049.99542236328
2021-09-07,False,False,0,156049.99542236328
2021-09-08,False,False,0,156049.99542236328
2021-09-09,False,False,0,156049.99542236328
2021-09-10,False,False,0,156049.99542236328
2021-09-13,False,False,0,156049.99542236328
2021-09-14,False,False,0,156049.99542236328
2021-09-15,False,False,0,156049.99542236328
2021-09-16,False,False,0,156049.99542236328
2021-09-17,False,False,0,156049.99542236328
2021-09-20,False,False,0,156049.99542236328
2021-09-21,False,False,0,156049.99542236328
2021-09-22,False,False,0,156049.99542236328
2021-09-23,False,False,0,156049.99542236328
2021-09-24,False,False,0,156049.99542236328
2021-09-27,False,False,0,156049.99542236328
2021-09-28,True,False,550,156049.99542236328
2021-09-29,False,False,550,156049.99542236328
2021-09-30,False,False,550,156049.99542236328
2021-10-01,False,False,550,156049.99542236328
2021-10-04,False,False,550,156049.99542236328
2021-10-05,False,False,550,156049.99542236328
2021-10-06,False,False,550,156049.99542236328
2021-10-07,False,False,550,156049.99542236328
2021-10-08,False,False,550,156049.99542236328
2021-10-11,False,False,550,156049.99542236328
2021-10-12,False,False,550,156049.99542236328
2021-10-13,False,False,550,156049.99542236328
2021-10-14,False,True,0,166512.5
2021-10-15,False,False,0,166512.5
2021-10-18,False,False,0,166512.5
2021-10-19,False,False,0,166512.5
2021-10-20,False,False,0,166512.5
2021-10-21,False,False,0,166512.5
2021-10-22,False,False,0,166512.5
2021-10-25,False,False,0,166512.5
2021-10-26,False,False,0,166512.5
2021-10-27,False,False,0,166512.5
2021-10-28,False,False,0,166512.5
2021-10-29,False,False,0,166512.5
2021-11-01,False,False,0,166512.5
2021-11-02,False,False,0,166512.5
2021-11-03,False,False,0,166512.5
2021-11-04,False,False,0,166512.5
2021-11-05,False,False,0,166512.5
2021-11-08,False,False,0,166512.5
2021-11-09,False,False,0,166512.5
2021-11-10,False,False,0,166512.5
2021-11-11,False,False,0,166512.5
2021-11-12,False,False,0,166512.5
2021-11-15,False,False,0,166512.5
2021-11-16,False,False,0,166512.5
2021-11-17,False,False,0,166512.5
2021-11-18,False,False,0,166512.5
2021-11-19,False,False,0,166512.5
2021-11-22,False,False,0,166512.5
2021-11-23,False,False,0,166512.5
2021-11-24,False,False,0,166512.5
2021-11-26,False,False,0,166512.5
2021-11-29,False,False,0,166512.5
2021-11-30,False,False,0,166512.5
2021-12-01,False,False,0,166512.5
2021-12-02,True,False,505,166512.5
2021-12-03,False,False,505,166512.5
2021-12-06,False,False,505,166512.5
2021-12-07,False,False,505,166512.5
2021-12-08,False,False,505,166512.5
2021-12-09,False,False,505,166512.5
2021-12-10,False,False,505,166512.5
2021-12-13,False,False,505,166512.5
2021-12-14,False,False,505,166512.5
2021-12-15,False,False,505,166512.5
2021-12-16,False,False,505,166512.5
2021-12-17,False,False,505,166512.5
2021-12-20,False,False,505,166512.5
2021-12-21,False,False,505,166512.5
2021-12-22,False,False,505,166512.5
2021-12-23,False,False,505,166512.5
2021-12-27,False,False,505,166512.5
2021-12-28,False,True,0,172331.25
2021-12-29,False,False,0,172331.25
2021-12-30,False,False,0,172331.25
2021-12-31,False,False,0,172331.25
2022-01-03,False,False,0,172331.25
2022-01-04,False,False,0,172331.25
2022-01-05,False,False,0,172331.25
2022-01-06,True,False,549,172331.25
2022-01-07,False,False,549,172331.25
2022-01-10,False,False,549,172331.25
2022-01-11,False,False,549,172331.25
2022-01-12,False,False,549,172331.25
2022-01-13,False,False,549,172331.25
2022-01-14,False,False,549,172331.25
2022-01-18,False,False,549,172331.25
2022-01-19,False,False,549,172331.25
2022-01-20,False,False,549,172331.25
2022-01-21,False,False,549,172331.25
2022-01-24,False,False,549,172331.25
2022-01-25,False,False,549,172331.25
2022-01-26,False,False,549,172331.25
2022-01-27,False,False,549,172331.25
2022-01-28,False,False,549,172331.25
2022-01-31,False,False,549,172331.25
2022-02-01,False,False,549,172331.25
2022-02-02,False,False,549,172331.25
2022-02-03,False,False,549,172331.25
2022-02-04,False,False,549,172331.25
2022-02-07,False,False,549,172331.25
2022-02-08,False,False,549,172331.25
2022-02-09,False,False,549,172331.25
2022-02-10,False,False,549,172331.25
2022-02-11,False,False,549,172331.25
2022-02-14,False,False,549,172331.25
2022-02-15,False,False,549,172331.25
2022-02-16,False,False,549,172331.25
2022-02-17,False,False,549,172331.25
2022-02-18,False,False,549,172331.25
2022-02-22,False,False,549,172331.25
2022-02-23,True,False,549,172331.25
2022-02-24,False,False,549,172331.25
2022-02-25,False,False,549,172331.25
2022-02-28,False,False,549,172331.25
2022-03-01,False,False,549,172331.25
2022-03-02,False,False,549,172331.25
2022-03-03,False,False,549,172331.25
2022-03-04,False,False,549,172331.25
2022-03-07,False,False,549,172331.25
2022-03-08,False,False,549,172331.25
2022-03-09,False,False,549,172331.25
2022-03-10,False,False,549,172331.25
2022-03-11,False,False,549,172331.25
2022-03-14,False,False,549,172331.25
2022-03-15,False,False,549,172331.25
2022-03-16,False,False,549,172331.25
2022-03-17,False,False,549,172331.25
2022-03-18,False,False,549,172331.25
2022-03-21,False,True,0,164238.84201049805
2022-03-22,False,False,0,164238.84201049805
2022-03-23,False,False,0,164238.84201049805
2022-03-24,False,False,0,164238.84201049805
2022-03-25,False,False,0,164238.84201049805
2022-03-28,False,False,0,164238.84201049805
2022-03-29,False,False,0,164238.84201049805
2022-03-30,False,False,0,164238.84201049805
2022-03-31,False,False,0,164238.84201049805
2022-04-01,False,False,0,164238.84201049805
2022-04-04,False,False,0,164238.84201049805
2022-04-05,False,False,0,164238.84201049805
2022-04-06,False,False,0,164238.84201049805
2022-04-07,False,False,0,164238.84201049805
2022-04-08,False,False,0,164238.84201049805
2022-04-11,True,False,575,164238.84201049805
2022-04-12,False,False,575,164238.84201049805
2022-04-13,False,False,575,164238.84201049805
2022-04-14,False,False,575,164238.84201049805
2022-04-18,False,False,575,164238.84201049805
2022-04-19,False,False,575,164238.84201049805
2022-04-20,False,False,575,164238.84201049805
2022-04-21,False,False,575,164238.84201049805
2022-04-22,False,False,575,164238.84201049805
2022-04-25,False,False,575,164238.84201049805
2022-04-26,False,False,575,164238.84201049805
2022-04-27,False,False,575,164238.84201049805
2022-04-28,False,False,575,164238.84201049805
2022-04-29,False,False,575,164238.84201049805
2022-05-02,False,False,575,164238.84201049805
2022-05-03,False,False,575,164238.84201049805
2022-05-04,False,False,575,164238.84201049805
2022-05-05,False,False,575,164238.84201049805
2022-05-06,False,False,575,164238.84201049805
2022-05-09,False,False,575,164238.84201049805
2022-05-10,False,False,575,164238.84201049805
2022-05-11,False,False,575,164238.84201049805
2022-05-12,False,False,575,164238.84201049805
2022-05-13,False,False,575,164238.84201049805
2022-05-16,False,False,575,164238.84201049805
2022-05-17,False,False,575,164238.84201049805
2022-05-18,False,False,575,164238.84201049805
2022-05-19,False,False,575,164238.84201049805
2022-05-20,False,False,575,164238.84201049805
2022-05-23,False,False,575,164238.84201049805
2022-05-24,False,False,575,164238.84201049805
2022-05-25,False,False,575,164238.84201049805
2022-05-26,False,False,575,164238.84201049805
2022-05-27,False,False,575,164238.84201049805
2022-05-31,False,False,575,164238.84201049805
2022-06-01,False,True,0,156641.50772094727
2022-06-02,False,False,0,156641.50772094727
2022-06-03,False,False,0,156641.50772094727
2022-06-06,False,False,0,156641.50772094727
2022-06-07,False,False,0,156641.50772094727
2022-06-08,False,False,0,156641.50772094727
2022-06-09,False,False,0,156641.50772094727
2022-06-10,False,False,0,156641.50772094727
2022-06-13,True,False,646,156641.50772094727
2022-06-14,False,False,646,156641.50772094727
2022-06-15,False,False,646,156641.50772094727
2022-06-16,False,False,646,156641.50772094727
2022-06-17,False,False,646,156641.50772094727
2022-06-21,False,False,646,156641.50772094727
2022-06-22,False,False,646,156641.50772094727
2022-06-23,False,False,646,156641.50772094727
2022-06-24,False,False,646,156641.50772094727
2022-06-27,False,False,646,156641.50772094727
2022-06-28,False,False,646,156641.50772094727
2022-06-29,False,False,646,156641.50772094727
2022-06-30,False,False,646,156641.50772094727
2022-07-01,False,False,646,156641.50772094727
2022-07-05,False,False,646,156641.50772094727
2022-07-06,False,True,0,171971.65447998047
2022-07-07,False,False,0,171971.65447998047
2022-07-08,False,False,0,171971.65447998047
2022-07-11,False,False,0,171971.65447998047
2022-07-12,False,False,0,171971.65447998047
2022-07-13,False,False,0,171971.65447998047
2022-07-14,False,False,0,171971.65447998047
2022-07-15,False,False,0,171971.65447998047
2022-07-18,True,False,676,171971.65447998047
2022-07-19,False,False,676,171971.65447998047
2022-07-20,False,False,676,171971.65447998047
2022-07-21,False,False,676,171971.65447998047
2022-07-22,False,False,676,171971.65447998047
2022-07-25,False,False,676,171971.65447998047
2022-07-26,False,False,676,171971.65447998047
2022-07-27,False,False,676,171971.65447998047
2022-07-28,False,False,676,171971.65447998047
2022-07-29,False,True,0,189780.2333984375
2022-08-01,False,False,0,189780.2333984375
2022-08-02,False,False,0,189780.2333984375
2022-08-03,False,False,0,189780.2333984375
2022-08-04,False,False,0,189780.2333984375
2022-08-05,False,False,0,189780.2333984375
2022-08-08,False,False,0,189780.2333984375
2022-08-09,False,False,0,189780.2333984375
2022-08-10,False,False,0,189780.2333984375
2022-08-11,False,False,0,189780.2333984375
2022-08-12,False,False,0,189780.2333984375
2022-08-15,False,False,0,189780.2333984375
2022-08-16,False,False,0,189780.2333984375
2022-08-17,False,False,0,189780.2333984375
2022-08-18,False,False,0,189780.2333984375
2022-08-19,False,False,0,189780.2333984375
2022-08-22,False,False,0,189780.2333984375
2022-08-23,False,False,0,189780.2333984375
2022-08-24,False,False,0,189780.2333984375
2022-08-25,True,False,680,189780.2333984375
2022-08-26,False,False,680,189780.2333984375
2022-08-29,False,False,680,189780.2333984375
2022-08-30,False,False,680,189780.2333984375
2022-08-31,False,False,680,189780.2333984375
2022-09-01,False,False,680,189780.2333984375
2022-09-02,False,False,680,189780.2333984375
2022-09-06,False,False,680,189780.2333984375
2022-09-07,False,False,680,189780.2333984375
2022-09-08,False,False,680,189780.2333984375
2022-09-09,False,False,680,189780.2333984375
2022-09-12,False,False,680,189780.2333984375
2022-09-13,False,False,680,189780.2333984375
2022-09-14,False,False,680,189780.2333984375
2022-09-15,False,False,680,189780.2333984375
2022-09-16,False,False,680,189780.2333984375
2022-09-19,False,False,680,189780.2333984375
2022-09-20,True,False,680,189780.2333984375
2022-09-21,False,False,680,189780.2333984375
2022-09-22,False,False,680,189780.2333984375
2022-09-23,False,False,680,189780.2333984375
2022-09-26,False,False,680,189780.2333984375
2022-09-27,False,False,680,189780.2333984375
2022-09-28,False,False,680,189780.2333984375
2022-09-29,False,False,680,189780.2333984375
2022-09-30,False,False,680,189780.2333984375
2022-10-03,False,False,680,189780.2333984375
2022-10-04,False,False,680,189780.2333984375
2022-10-05,False,False,680,189780.2333984375
2022-10-06,False,False,680,189780.2333984375
2022-10-07,False,False,680,189780.2333984375
2022-10-10,False,False,680,189780.2333984375
2022-10-11,False,False,680,189780.2333984375
2022-10-12,False,False,680,189780.2333984375
2022-10-13,False,False,680,189780.2333984375
2022-10-14,False,False,680,189780.2333984375
2022-10-17,False,False,680,189780.2333984375
2022-10-18,False,False,680,189780.2333984375
2022-10-19,False,False,680,189780.2333984375
2022-10-20,False,False,680,189780.2333984375
2022-10-21,False,False,680,189780.2333984375
2022-10-24,False,True,0,168130.0
2022-10-25,False,False,0,168130.0
2022-10-26,False,False,0,168130.0
2022-10-27,False,False,0,168130.0
2022-10-28,False,False,0,168130.0
2022-10-31,False,False,0,168130.0
2022-11-01,True,False,736,168130.0
2022-11-02,False,False,736,168130.0
2022-11-03,False,False,736,168130.0
2022-11-04,False,False,736,168130.0
2022-11-07,False,False,736,168130.0
2022-11-08,False,False,736,168130.0
2022-11-09,False,False,736,168130.0
2022-11-10,False,False,736,168130.0
2022-11-11,False,False,736,168130.0
2022-11-14,False,True,0,177780.80224609375
2022-11-15,False,False,0,177780.80224609375
2022-11-16,False,False,0,177780.80224609375
2022-11-17,False,False,0,177780.80224609375
2022-11-18,False,False,0,177780.80224609375
2022-11-21,False,False,0,177780.80224609375
2022-11-22,False,False,0,177780.80224609375
2022-11-23,False,False,0,177780.80224609375
2022-11-25,False,False,0,177780.80224609375
2022-11-28,False,False,0,177780.80224609375
2022-11-29,False,False,0,177780.80224609375
2022-11-30,False,False,0,177780.80224609375
2022-12-01,False,False,0,177780.80224609375
2022-12-02,False,False,0,177780.80224609375
2022-12-05,False,False,0,177780.80224609375
2022-12-06,False,False,0,177780.80224609375
2022-12-07,False,False,0,177780.80224609375
2022-12-08,False,False,0,177780.80224609375
2022-12-09,False,False,0,177780.80224609375
2022-12-12,False,False,0,177780.80224609375
2022-12-13,False,False,0,177780.80224609375
2022-12-14,False,False,0,177780.80224609375
2022-12-15,False,False,0,177780.80224609375
2022-12-16,False,False,0,177780.80224609375
2022-12-19,False,False,0,177780.80224609375
2022-12-20,False,False,0,177780.80224609375
2022-12-21,True,False,727,177780.80224609375
2022-12-22,False,False,727,177780.80224609375
2022-12-23,False,False,727,177780.80224609375
2022-12-27,False,False,727,177780.80224609375
2022-12-28,False,False,727,177780.80224609375
2022-12-29,False,False,727,177780.80224609375
2022-12-30,False,False,727,177780.80224609375
2023-01-03,False,False,727,177780.80224609375
2023-01-04,False,False,727,177780.80224609375
2023-01-05,False,False,727,177780.80224609375
2023-01-06,False,False,727,177780.80224609375
2023-01-09,False,False,727,177780.80224609375
2023-01-10,False,False,727,177780.80224609375
2023-01-11,False,False,727,177780.80224609375
2023-01-12,False,False,727,177780.80224609375
2023-01-13,False,False,727,177780.80224609375
2023-01-17,False,False,727,177780.80224609375
2023-01-18,False,False,727,177780.80224609375
2023-01-19,False,False,727,177780.80224609375
2023-01-20,False,False,727,177780.80224609375
2023-01-23,False,True,0,176355.66133117676
2023-01-24,False,False,0,176355.66133117676
2023-01-25,False,False,0,176355.66133117676
2023-01-26,False,False,0,176355.66133117676
2023-01-27,False,False,0,176355.66133117676
2023-01-30,False,False,0,176355.66133117676
2023-01-31,False,False,0,176355.66133117676
2023-02-01,False,False,0,176355.66133117676
2023-02-02,False,False,0,176355.66133117676
2023-02-03,False,False,0,176355.66133117676
2023-02-06,False,False,0,176355.66133117676
2023-02-07,False,False,0,176355.66133117676
2023-02-08,False,False,0,176355.66133117676
2023-02-09,False,False,0,176355.66133117676
2023-02-10,False,False,0,176355.66133117676
2023-02-13,False,False,0,176355.66133117676
2023-02-14,False,False,0,176355.66133117676
2023-02-15,False,False,0,176355.66133117676
2023-02-16,False,False,0,176355.66133117676
2023-02-17,False,False,0,176355.66133117676
2023-02-21,False,False,0,176355.66133117676
2023-02-22,False,False,0,176355.66133117676
2023-02-23,True,False,692,176355.66133117676
2023-02-24,False,False,692,176355.66133117676
2023-02-27,False,False,692,176355.66133117676
2023-02-28,False,False,692,176355.66133117676
2023-03-01,False,False,692,176355.66133117676
2023-03-02,False,False,692,176355.66133117676
2023-03-03,False,False,692,176355.66133117676
2023-03-06,False,False,692,176355.66133117676
2023-03-07,False,False,692,176355.66133117676
2023-03-08,False,False,692,176355.66133117676
2023-03-09,False,False,692,176355.66133117676
2023-03-10,False,False,692,176355.66133117676
2023-03-13,False,False,692,176355.66133117676
2023-03-14,False,False,692,176355.66133117676
2023-03-15,False,False,692,176355.66133117676
2023-03-16,False,True,0,191130.40844726562
2023-03-17,False,False,0,191130.40844726562
2023-03-20,False,False,0,191130.40844726562
2023-03-21,False,False,0,191130.40844726562
2023-03-22,False,False,0,191130.40844726562
2023-03-23,False,False,0,191130.40844726562
2023-03-24,False,False,0,191130.40844726562
2023-03-27,False,False,0,191130.40844726562
2023-03-28,False,False,0,191130.40844726562
2023-03-29,False,False,0,191130.40844726562
2023-03-30,False,False,0,191130.40844726562
2023-03-31,False,False,0,191130.40844726562
2023-04-03,False,False,0,191130.40844726562
2023-04-04,False,False,0,191130.40844726562
2023-04-05,False,False,0,191130.40844726562
2023-04-06,False,False,0,191130.40844726562
2023-04-10,False,False,0,191130.40844726562
2023-04-11,False,False,0,191130.40844726562
2023-04-12,False,False,0,191130.40844726562
2023-04-13,False,False,0,191130.40844726562
2023-04-14,False,False,0,191130.40844726562
2023-04-17,False,False,0,191130.40844726562
2023-04-18,False,False,0,191130.40844726562
2023-04-19,False,False,0,191130.40844726562
2023-04-20,False,False,0,191130.40844726562
2023-04-21,False,False,0,191130.40844726562
2023-04-24,False,False,0,191130.40844726562
2023-04-25,False,False,0,191130.40844726562
2023-04-26,False,False,0,191130.40844726562
2023-04-27,False,False,0,191130.40844726562
2023-04-28,False,False,0,191130.40844726562
2023-05-01,False,False,0,191130.40844726562
2023-05-02,False,False,0,191130.40844726562
2023-05-03,False,False,0,191130.40844726562
2023-05-04,False,False,0,191130.40844726562
2023-05-05,False,False,0,191130.40844726562
2023-05-08,False,False,0,191130.40844726562
2023-05-09,False,False,0,191130.40844726562
2023-05-10,False,False,0,191130.40844726562
2023-05-11,False,False,0,191130.40844726562
2023-05-12,False,False,0,191130.40844726562
2023-05-15,False,False,0,191130.40844726562
2023-05-16,False,False,0,191130.40844726562
2023-05-17,False,False,0,191130.40844726562
2023-05-18,False,False,0,191130.40844726562
2023-05-19,False,False,0,191130.40844726562
2023-05-22,False,False,0,191130.40844726562
2023-05-23,False,False,0,191130.40844726562
2023-05-24,False,False,0,191130.40844726562
2023-05-25,False,False,0,191130.40844726562
2023-05-26,False,False,0,191130.40844726562
2023-05-30,False,False,0,191130.40844726562
2023-05-31,False,False,0,191130.40844726562
2023-06-01,False,False,0,191130.40844726562
2023-06-02,False,False,0,191130.40844726562
2023-06-05,False,False,0,191130.40844726562
2023-06-06,False,False,0,191130.40844726562
2023-06-07,False,False,0,191130.40844726562
2023-06-08,False,False,0,191130.40844726562
2023-06-09,False,False,0,191130.40844726562
2023-06-12,False,False,0,191130.40844726562
2023-06-13,False,False,0,191130.40844726562
2023-06-14,False,False,0,191130.40844726562
2023-06-15,False,False,0,191130.40844726562
2023-06-16,False,False,0,191130.40844726562
2023-06-20,False,False,0,191130.40844726562
2023-06-21,False,False,0,191130.40844726562
2023-06-22,False,False,0,191130.40844726562
2023-06-23,False,False,0,191130.40844726562
2023-06-26,False,False,0,191130.40844726562
2023-06-27,False,False,0,191130.40844726562
2023-06-28,False,False,0,191130.40844726562
2023-06-29,False,False,0,191130.40844726562
2023-06-30,False,False,0,191130.40844726562
2023-07-03,False,False,0,191130.40844726562
2023-07-05,False,False,0,191130.40844726562
2023-07-06,False,False,0,191130.40844726562
2023-07-07,False,False,0,191130.40844726562
2023-07-10,False,False,0,191130.40844726562
2023-07-11,False,False,0,191130.40844726562
2023-07-12,False,False,0,191130.40844726562
2023-07-13,False,False,0,191130.40844726562
2023-07-14,False,False,0,191130.40844726562
2023-07-17,False,False,0,191130.40844726562
2023-07-18,False,False,0,191130.40844726562
2023-07-19,False,False,0,191130.40844726562
2023-07-20,False,False,0,191130.40844726562
2023-07-21,False,False,0,191130.40844726562
2023-07-24,False,False,0,191130.40844726562
2023-07-25,False,False,0,191130.40844726562
2023-07-26,False,False,0,191130.40844726562
2023-07-27,False,False,0,191130.40844726562
2023-07-28,False,False,0,191130.40844726562
2023-07-31,False,False,0,191130.40844726562
2023-08-01,True,False,568,191130.40844726562
2023-08-02,False,False,568,191130.40844726562
2023-08-03,False,False,568,191130.40844726562
2023-08-04,False,False,568,191130.40844726562
2023-08-07,False,False,568,191130.40844726562
2023-08-08,False,False,568,191130.40844726562
2023-08-09,False,False,568,191130.40844726562
2023-08-10,False,False,568,191130.40844726562
2023-08-11,False,False,568,191130.40844726562
2023-08-14,False,False,568,191130.40844726562
2023-08-15,False,False,568,191130.40844726562
2023-08-16,False,False,568,191130.40844726562
2023-08-17,False,False,568,191130.40844726562
2023-08-18,False,False,568,191130.40844726562
2023-08-21,False,False,568,191130.40844726562
2023-08-22,False,False,568,191130.40844726562
2023-08-23,False,False,568,191130.40844726562
2023-08-24,False,False,568,191130.40844726562
2023-08-25,False,False,568,191130.40844726562
2023-08-28,False,False,568,191130.40844726562
2023-08-29,False,False,568,191130.40844726562
2023-08-30,False,False,568,191130.40844726562
2023-08-31,False,False,568,191130.40844726562
2023-09-01,False,True,0,186678.88208007812
2023-09-05,False,False,0,186678.88208007812
2023-09-06,False,False,0,186678.88208007812
2023-09-07,False,False,0,186678.88208007812
2023-09-08,False,False,0,186678.88208007812
2023-09-11,False,False,0,186678.88208007812
2023-09-12,False,False,0,186678.88208007812
2023-09-13,False,False,0,186678.88208007812
2023-09-14,False,False,0,186678.88208007812
2023-09-15,False,False,0,186678.88208007812
2023-09-18,False,False,0,186678.88208007812
2023-09-19,False,False,0,186678.88208007812
2023-09-20,False,False,0,186678.88208007812
2023-09-21,True,False,584,186678.88208007812
2023-09-22,False,False,584,186678.88208007812
2023-09-25,False,False,584,186678.88208007812
2023-09-26,False,False,584,186678.88208007812
2023-09-27,False,False,584,186678.88208007812
2023-09-28,False,False,584,186678.88208007812
2023-09-29,False,False,584,186678.88208007812
2023-10-02,False,False,584,186678.88208007812
2023-10-03,False,False,584,186678.88208007812
2023-10-04,False,False,584,186678.88208007812
2023-10-05,False,False,584,186678.88208007812
2023-10-06,False,False,584,186678.88208007812
2023-10-09,False,False,584,186678.88208007812
2023-10-10,False,False,584,186678.88208007812
2023-10-11,False,True,0,194133.28784179688
2023-10-12,False,False,0,194133.28784179688
2023-10-13,False,False,0,194133.28784179688
2023-10-16,False,False,0,194133.28784179688
2023-10-17,False,False,0,194133.28784179688
2023-10-18,False,False,0,194133.28784179688
2023-10-19,False,False,0,194133.28784179688
2023-10-20,False,False,0,194133.28784179688
2023-10-23,False,False,0,194133.28784179688
2023-10-24,False,False,0,194133.28784179688
2023-10-25,False,False,0,194133.28784179688
2023-10-26,False,False,0,194133.28784179688
2023-10-27,False,False,0,194133.28784179688
2023-10-30,False,False,0,194133.28784179688
2023-10-31,False,False,0,194133.28784179688
2023-11-01,False,False,0,194133.28784179688
2023-11-02,False,False,0,194133.28784179688
